# ont-merge.sh sample sheet (Illumina-style sections, CSV),,,,,,,,,,,,,,,
# - One sheet = one sequencing run.,,,,,,,,,,,,,,,,
# - [Header] is free-form metadata for humans; the parser ignores it.,,,,,,,,,,,,,,,,
#     Recommended row: sequencing-host = the workstation that ran MinKNOW,,,,,,,,,,,,,,,,
#     (fastq_dir may point to a NAS copy; the path then does not tell which workstation it was).,,,,,,,,,,,,,,,,
# - [Run] requires three keys (case-sensitive):,,,,,,,,,,,,,,,,
#     fastq_dir : absolute path to MinKNOW's fastq_pass directory AS SEEN FROM THE HOST RUNNING ont-merge.sh,,,,,,,,,,,,,,,,
#                 same workstation as MinKNOW : /var/lib/minknow/data/<run-folder>/<sample-id-folder>/<flowcell-folder>/fastq_pass,,,,,,,,,,,,,,,,
#                 NAS backup copy (our lab)   : /opt/mnt/fs000/raw/P2S-01086/<run-folder>/<sample-id-folder>/<flowcell-folder>/fastq_pass,,,,,,,,,,,,,,,,
#                 <sample-id-folder> is the sample ID given to MinKNOW; no_sample_id if none was given.,,,,,,,,,,,,,,,,
#     kit       : native_barcoding | ligation,,,,,,,,,,,,,,,,
#     run-name  : prefix for output filenames (e.g. 20260225-flashseq-1st),,,,,,,,,,,,,,,,
# - [Samples] header line is fixed: barcode-number,sample-name,,,,,,,,,,,,,,,
#     native_barcoding -> barcode-number is barcodeNN (e.g. barcode01),,,,,,,,,,,,,,,,
"#     ligation         -> barcode-number is ""none"" (or empty); exactly one row",,,,,,,,,,,,,,,,
# - Lines beginning with # and blank lines are ignored.,,,,,,,,,,,,,,,,
,,,,,,,,,,,,,,,,
[Header],,,,,,,,,,,,,,,,
project,<project-name>,,,,,,,,,,,,,,,
date,YYYY-MM-DD,,,,,,,,,,,,,,,
operator,<your-name>,,,,,,,,,,,,,,,
sequencing-host,<workstation-name>,,,,,,,,,,,,,,,
description,<free text>,,,,,,,,,,,,,,,
,,,,,,,,,,,,,,,,
[Run],,,,,,,,,,,,,,,,
fastq_dir,/opt/mnt/fs000/raw/P2S-01086/<run-folder>/<sample-id-folder>/<flowcell-folder>/fastq_pass,,,,,,,,,,,,,,,
kit,native_barcoding,,,,,,,,,,,,,,,
run-name,YYYYMMDD-project-tag,,,,,,,,,,,,,,,
,,,,,,,,,,,,,,,,
[Samples],,,,,,,,,,,,,,,,
barcode-number,sample-name,LDprep-person,LDprep-Date,LDprep-NoteFileName,pre-processing-type,pre-processing-person,pre-processing-Date,pre-processing-NoteFileName,sample-prepared-person,sample-prep-date,sample-NoteFileName,sample-species,sample-tissue/cell,sample-conditions01,sample-conditions02,sample-conditions03
barcode01,<sample-name-01>,,,,,,,,,,,,,,,
barcode02,<sample-name-02>,,,,,,,,,,,,,,,